{"meta": {"format": 3, "version": "7.8.0", "timestamp": "2025-06-02T18:06:34.369898", "branch_coverage": false, "show_contexts": false}, "files": {"routers/__init__.py": {"executed_lines": [1], "summary": {"covered_lines": 0, "num_statements": 0, "percent_covered": 100.0, "percent_covered_display": "100", "missing_lines": 0, "excluded_lines": 0}, "missing_lines": [], "excluded_lines": [], "functions": {"": {"executed_lines": [1], "summary": {"covered_lines": 0, "num_statements": 0, "percent_covered": 100.0, "percent_covered_display": "100", "missing_lines": 0, "excluded_lines": 0}, "missing_lines": [], "excluded_lines": []}}, "classes": {"": {"executed_lines": [1], "summary": {"covered_lines": 0, "num_statements": 0, "percent_covered": 100.0, "percent_covered_display": "100", "missing_lines": 0, "excluded_lines": 0}, "missing_lines": [], "excluded_lines": []}}}, "routers/article.py": {"executed_lines": [1, 2, 3, 4, 5, 6, 7, 9, 10, 11, 12, 13, 16, 22, 27, 116, 121, 141, 142, 143, 144, 154, 155, 168, 171, 226, 231, 316, 320, 368, 373, 396, 398, 401, 404, 407, 409, 411, 412, 413, 420, 426, 435, 438, 443, 469, 471, 473, 474, 476, 477, 478, 485, 487, 489, 491, 492, 494, 495, 496, 503, 515, 518, 523, 537, 539, 540, 541, 542, 555, 557], "summary": {"covered_lines": 70, "num_statements": 156, "percent_covered": 44.87179487179487, "percent_covered_display": "45", "missing_lines": 86, "excluded_lines": 0}, "missing_lines": [58, 60, 63, 66, 67, 68, 73, 74, 77, 79, 80, 86, 87, 88, 91, 94, 95, 100, 106, 145, 147, 149, 161, 195, 196, 200, 201, 206, 207, 209, 215, 216, 217, 218, 263, 265, 270, 271, 277, 278, 282, 283, 288, 289, 290, 291, 293, 294, 297, 299, 302, 308, 341, 342, 346, 347, 352, 353, 354, 355, 356, 358, 361, 365, 405, 408, 414, 415, 421, 429, 430, 431, 490, 497, 498, 509, 510, 511, 547, 548, 549, 554, 558, 559, 560, 564], "excluded_lines": [], "functions": {"all_fetch": {"executed_lines": [], "summary": {"covered_lines": 0, "num_statements": 19, "percent_covered": 0.0, "percent_covered_display": "0", "missing_lines": 19, "excluded_lines": 0}, "missing_lines": [58, 60, 63, 66, 67, 68, 73, 74, 77, 79, 80, 86, 87, 88, 91, 94, 95, 100, 106], "excluded_lines": []}, "get_article": {"executed_lines": [141, 142, 143, 144, 154, 155], "summary": {"covered_lines": 6, "num_statements": 10, "percent_covered": 60.0, "percent_covered_display": "60", "missing_lines": 4, "excluded_lines": 0}, "missing_lines": [145, 147, 149, 161], "excluded_lines": []}, "create_article": {"executed_lines": [], "summary": {"covered_lines": 0, "num_statements": 11, "percent_covered": 0.0, "percent_covered_display": "0", "missing_lines": 11, "excluded_lines": 0}, "missing_lines": [195, 196, 200, 201, 206, 207, 209, 215, 216, 217, 218], "excluded_lines": []}, "update_article": {"executed_lines": [], "summary": {"covered_lines": 0, "num_statements": 18, "percent_covered": 0.0, "percent_covered_display": "0", "missing_lines": 18, "excluded_lines": 0}, "missing_lines": [263, 265, 270, 271, 277, 278, 282, 283, 288, 289, 290, 291, 293, 294, 297, 299, 302, 308], "excluded_lines": []}, "delete_article": {"executed_lines": [], "summary": {"covered_lines": 0, "num_statements": 12, "percent_covered": 0.0, "percent_covered_display": "0", "missing_lines": 12, "excluded_lines": 0}, "missing_lines": [341, 342, 346, 347, 352, 353, 354, 355, 356, 358, 361, 365], "excluded_lines": []}, "get_public_articles": {"executed_lines": [396, 398, 401, 404, 407, 409, 411, 412, 413, 420, 426, 435], "summary": {"covered_lines": 12, "num_statements": 20, "percent_covered": 60.0, "percent_covered_display": "60", "missing_lines": 8, "excluded_lines": 0}, "missing_lines": [405, 408, 414, 415, 421, 429, 430, 431], "excluded_lines": []}, "search_public_articles": {"executed_lines": [469, 471, 473, 474, 476, 477, 478, 485, 487, 489, 491, 492, 494, 495, 496, 503, 515], "summary": {"covered_lines": 17, "num_statements": 23, "percent_covered": 73.91304347826087, "percent_covered_display": "74", "missing_lines": 6, "excluded_lines": 0}, "missing_lines": [490, 497, 498, 509, 510, 511], "excluded_lines": []}, "get_public_article_by_id": {"executed_lines": [537, 539, 540, 541, 542, 555, 557], "summary": {"covered_lines": 7, "num_statements": 15, "percent_covered": 46.666666666666664, "percent_covered_display": "47", "missing_lines": 8, "excluded_lines": 0}, "missing_lines": [547, 548, 549, 554, 558, 559, 560, 564], "excluded_lines": []}, "": {"executed_lines": [1, 2, 3, 4, 5, 6, 7, 9, 10, 11, 12, 13, 16, 22, 27, 116, 121, 168, 171, 226, 231, 316, 320, 368, 373, 438, 443, 518, 523], "summary": {"covered_lines": 28, "num_statements": 28, "percent_covered": 100.0, "percent_covered_display": "100", "missing_lines": 0, "excluded_lines": 0}, "missing_lines": [], "excluded_lines": []}}, "classes": {"": {"executed_lines": [1, 2, 3, 4, 5, 6, 7, 9, 10, 11, 12, 13, 16, 22, 27, 116, 121, 141, 142, 143, 144, 154, 155, 168, 171, 226, 231, 316, 320, 368, 373, 396, 398, 401, 404, 407, 409, 411, 412, 413, 420, 426, 435, 438, 443, 469, 471, 473, 474, 476, 477, 478, 485, 487, 489, 491, 492, 494, 495, 496, 503, 515, 518, 523, 537, 539, 540, 541, 542, 555, 557], "summary": {"covered_lines": 70, "num_statements": 156, "percent_covered": 44.87179487179487, "percent_covered_display": "45", "missing_lines": 86, "excluded_lines": 0}, "missing_lines": [58, 60, 63, 66, 67, 68, 73, 74, 77, 79, 80, 86, 87, 88, 91, 94, 95, 100, 106, 145, 147, 149, 161, 195, 196, 200, 201, 206, 207, 209, 215, 216, 217, 218, 263, 265, 270, 271, 277, 278, 282, 283, 288, 289, 290, 291, 293, 294, 297, 299, 302, 308, 341, 342, 346, 347, 352, 353, 354, 355, 356, 358, 361, 365, 405, 408, 414, 415, 421, 429, 430, 431, 490, 497, 498, 509, 510, 511, 547, 548, 549, 554, 558, 559, 560, 564], "excluded_lines": []}}}, "routers/auth.py": {"executed_lines": [1, 2, 3, 4, 5, 6, 8, 9, 10, 11, 12, 13, 14, 18, 20, 21, 22, 23, 25, 26, 27, 28, 29, 32, 38, 41, 42, 43, 45, 46, 48, 49, 51, 53, 56, 57, 101, 104, 105, 107, 108, 112, 117, 118, 122, 130, 134, 137, 172, 175, 226, 230, 254, 255, 256, 257, 260, 261], "summary": {"covered_lines": 54, "num_statements": 98, "percent_covered": 55.10204081632653, "percent_covered_display": "55", "missing_lines": 44, "excluded_lines": 0}, "missing_lines": [125, 126, 151, 152, 156, 158, 159, 160, 161, 165, 166, 167, 220, 222, 223, 243, 244, 298, 299, 302, 303, 304, 305, 311, 312, 313, 319, 320, 322, 323, 324, 327, 328, 330, 331, 332, 333, 334, 337, 340, 344, 345, 346, 347], "excluded_lines": [], "functions": {"get_db": {"executed_lines": [41, 42, 43, 45, 46, 48, 49, 51, 53], "summary": {"covered_lines": 9, "num_statements": 9, "percent_covered": 100.0, "percent_covered_display": "100", "missing_lines": 0, "excluded_lines": 0}, "missing_lines": [], "excluded_lines": []}, "login": {"executed_lines": [101, 104, 105, 107, 108, 112, 117, 118, 122], "summary": {"covered_lines": 9, "num_statements": 11, "percent_covered": 81.81818181818181, "percent_covered_display": "82", "missing_lines": 2, "excluded_lines": 0}, "missing_lines": [125, 126], "excluded_lines": []}, "verify_token": {"executed_lines": [], "summary": {"covered_lines": 0, "num_statements": 10, "percent_covered": 0.0, "percent_covered_display": "0", "missing_lines": 10, "excluded_lines": 0}, "missing_lines": [151, 152, 156, 158, 159, 160, 161, 165, 166, 167], "excluded_lines": []}, "logout": {"executed_lines": [], "summary": {"covered_lines": 0, "num_statements": 3, "percent_covered": 0.0, "percent_covered_display": "0", "missing_lines": 3, "excluded_lines": 0}, "missing_lines": [220, 222, 223], "excluded_lines": []}, "get_all_blogs": {"executed_lines": [], "summary": {"covered_lines": 0, "num_statements": 2, "percent_covered": 0.0, "percent_covered_display": "0", "missing_lines": 2, "excluded_lines": 0}, "missing_lines": [243, 244], "excluded_lines": []}, "change_password": {"executed_lines": [], "summary": {"covered_lines": 0, "num_statements": 27, "percent_covered": 0.0, "percent_covered_display": "0",